{"cameraMode":{"drawMode":0,"name":"Shaded","section":"Shading Mode"},"sceneLighting":false,"audioPlay":false,"sceneViewState":{"showFog":true,"showMaterialUpdate":false,"showSkybox":false,"showFlares":true,"showImageEffects":true,"showParticleSystems":true},"in2DMode":false,"pivot":{"x":0.0,"y":9.529000282287598,"z":-17.200000762939454},"rotation":{"x":-0.21507057547569276,"y":0.022858021780848504,"z":-0.005036213900893927,"w":-0.9763215780258179},"size":3.157883644104004,"orthographic":false}