{"cameraMode":{"drawMode":0,"name":"Shaded","section":"Shading Mode"},"sceneLighting":true,"audioPlay":false,"sceneViewState":{"showFog":false,"showMaterialUpdate":false,"showSkybox":false,"showFlares":false,"showImageEffects":false,"showParticleSystems":false},"in2DMode":false,"pivot":{"x":0.0,"y":1.9199999570846558,"z":-6.050000190734863},"rotation":{"x":-0.12144502252340317,"y":-0.03215717524290085,"z":0.003936499357223511,"w":-0.9920700192451477},"size":60.65668487548828,"orthographic":false}